{
    "action": {
        "min": [
            0.0,
            -3.75,
            -3.75,
            0.0,
            0.0,
            -0.0,
            -1.0
        ],
        "max": [
            3.75,
            3.75,
            3.75,
            0.0,
            0.0,
            -0.0,
            1.0
        ],
        "mean": [
            0.04921875149011612,
            0.02812499925494194,
            -0.04218750074505806,
            0.0,
            0.0,
            0.0,
            -0.4637500047683716
        ],
        "std": [
            0.426787793636322,
            0.37394383549690247,
            0.4761678874492645,
            0.0,
            0.0,
            0.0,
            0.8859661221504211
        ],
        "count": [
            1600
        ],
        "q01": [
            -1.000000013351432e-10,
            1.3258722093370225e-05,
            -3.75,
            3.9995784462121265e-16,
            3.9995784462121265e-16,
            3.9995784462121265e-16,
            -1.0
        ],
        "q10": [
            -1.000000013351432e-10,
            0.00014963414933946397,
            0.00013152344254102307,
            3.999578446212126e-15,
            3.999578446212126e-15,
            3.999578446212126e-15,
            -1.0
        ],
        "q50": [
            -1.000000013351432e-10,
            0.0007557471593221029,
            0.0007414872340356228,
            1.9997892231060632e-14,
            1.9997892231060632e-14,
            1.9997892231060632e-14,
            -1.0
        ],
        "q90": [
            -1.000000013351432e-10,
            0.0013618601693047418,
            0.0013514510255302225,
            3.599620601590914e-14,
            3.599620601590914e-14,
            3.599620601590914e-14,
            0.999850791095298
        ],
        "q99": [
            3.7494285220191594,
            0.0014982355965508355,
            0.0014886928786165075,
            3.959582661750005e-14,
            3.959582661750005e-14,
            3.959582661750005e-14,
            0.9999850791095298
        ]
    },
    "observation.images.image": {
        "min": [
            [
                [
                    0.0
                ]
            ],
            [
                [
                    0.0
                ]
            ],
            [
                [
                    0.0
                ]
            ]
        ],
        "max": [
            [
                [
                    1.0
                ]
            ],
            [
                [
                    1.0
                ]
            ],
            [
                [
                    1.0
                ]
            ]
        ],
        "mean": [
            [
                [
                    0.5000768510122148
                ]
            ],
            [
                [
                    0.46878367310330166
                ]
            ],
            [
                [
                    0.43548180953832266
                ]
            ]
        ],
        "std": [
            [
                [
                    0.0
                ]
            ],
            [
                [
                    0.0
                ]
            ],
            [
                [
                    0.0
                ]
            ]
        ],
        "count": [
            252
        ],
        "q01": [
            [
                [
                    0.08222911324145643
                ]
            ],
            [
                [
                    0.07049254726959861
                ]
            ],
            [
                [
                    0.06263415248754212
                ]
            ]
        ],
        "q10": [
            [
                [
                    0.1294386763263771
                ]
            ],
            [
                [
                    0.11365589896038285
                ]
            ],
            [
                [
                    0.1018445957350567
                ]
            ]
        ],
        "q50": [
            [
                [
                    0.5019262457918084
                ]
            ],
            [
                [
                    0.49005003236626055
                ]
            ],
            [
                [
                    0.454949437107286
                ]
            ]
        ],
        "q90": [
            [
                [
                    0.7529226831771519
                ]
            ],
            [
                [
                    0.6901597012673671
                ]
            ],
            [
                [
                    0.6235590192166378
                ]
            ]
        ],
        "q99": [
            [
                [
                    0.7883965266197077
                ]
            ],
            [
                [
                    0.7373698472875271
                ]
            ],
            [
                [
                    0.7295227991920991
                ]
            ]
        ]
    },
    "observation.images.wrist_image": {
        "min": [
            [
                [
                    0.0
                ]
            ],
            [
                [
                    0.0
                ]
            ],
            [
                [
                    0.0
                ]
            ]
        ],
        "max": [
            [
                [
                    1.0
                ]
            ],
            [
                [
                    1.0
                ]
            ],
            [
                [
                    0.9725490196078431
                ]
            ]
        ],
        "mean": [
            [
                [
                    0.5984823766542751
                ]
            ],
            [
                [
                    0.5540672176395515
                ]
            ],
            [
                [
                    0.5113737133036808
                ]
            ]
        ],
        "std": [
            [
                [
                    0.0
                ]
            ],
            [
                [
                    0.0
                ]
            ],
            [
                [
                    0.0
                ]
            ]
        ],
        "count": [
            252
        ],
        "q01": [
            [
                [
                    0.05885022136747768
                ]
            ],
            [
                [
                    0.05085172893227114
                ]
            ],
            [
                [
                    0.03915087343553331
                ]
            ]
        ],
        "q10": [
            [
                [
                    0.20389142042654257
                ]
            ],
            [
                [
                    0.20385895245708718
                ]
            ],
            [
                [
                    0.2038562018575023
                ]
            ]
        ],
        "q50": [
            [
                [
                    0.7568277018949671
                ]
            ],
            [
                [
                    0.6900527640149081
                ]
            ],
            [
                [
                    0.6195805065591266
                ]
            ]
        ],
        "q90": [
            [
                [
                    0.7960299558501217
                ]
            ],
            [
                [
                    0.7332762172886962
                ]
            ],
            [
                [
                    0.6706011187614936
                ]
            ]
        ],